condition,metric,mean,training_seed_sd,ci_low,ci_high
M2,success,0.9791666666666666,0.03608439182435161,0.9166666666666666,1.0
M2,force_failure,0.0,0.0,0.0,0.0
M2,timeout,0.020833333333333332,0.036084391824351615,0.0,0.08333333333333333
M2,insertion_depth_m,0.008226677768108854,0.0002960385562001041,0.0077093308063873,0.008408584642009267
M2,lateral_error_m,0.0003661035987163839,0.00024183902818396226,0.0002055663012403021,0.0007809750803800711
M2,peak_force_n,4.390586160478383,0.03519737524621673,4.119957423082023,4.667904341831048
M2,latency_s,0.3231597222222222,0.039081014131023536,0.27968663194444443,0.40108246527777774
M2,search_path_m,0.004417302016511292,0.0002513921269250904,0.004118859669768758,0.004873499998990287
brute_down,success,0.3125,0.0,0.1875,0.4375
brute_down,force_failure,0.6875,0.0,0.5625,0.8125
brute_down,timeout,0.0,0.0,0.0,0.0
brute_down,insertion_depth_m,0.007224171011737492,0.0,0.0059558817798729055,0.008677465940846035
brute_down,lateral_error_m,0.0007829503308526947,0.0,0.0006823311259009886,0.0008824086672310113
brute_down,peak_force_n,7.6072614227655855,0.0,7.193723948372397,7.993245819158814
brute_down,latency_s,1.125,0.0,0.9289557291666666,1.3152083333333333
brute_down,search_path_m,0.0026136395420316705,0.0,0.0025050479962753164,0.0027118029719401826
M2_temporal_shuffle,success,0.9722222222222222,0.03182344232608222,0.9166666666666666,1.0
M2_temporal_shuffle,force_failure,0.0,0.0,0.0,0.0
M2_temporal_shuffle,timeout,0.027777777777777776,0.031823442326082224,0.0,0.08333333333333333
M2_temporal_shuffle,insertion_depth_m,0.009888417020306621,0.00048366212165383343,0.009067810445484076,0.010605556127712497
M2_temporal_shuffle,lateral_error_m,0.0004841992425350071,0.00014597313443860685,0.0003586371331970352,0.0007849992851953113
M2_temporal_shuffle,peak_force_n,4.528055542718649,0.11174116049552482,4.247230894157909,4.829771947496644
M2_temporal_shuffle,latency_s,0.48635416666666664,0.01892310142025118,0.43107378472222224,0.5498029513888889
M2_temporal_shuffle,search_path_m,0.005086929335868072,0.00014456827633678676,0.0047720836305251806,0.005452565512634261
M1,success,1.0,0.0,1.0,1.0
M1,force_failure,0.0,0.0,0.0,0.0
M1,timeout,0.0,0.0,0.0,0.0
M1,insertion_depth_m,0.008409856362129165,7.644059133201106e-06,0.00839665151505102,0.008420594298945507
M1,lateral_error_m,0.00023058415490600413,2.0978609525413935e-05,0.0001964131594644994,0.00025997968849947957
M1,peak_force_n,4.346477699360175,0.00042015054023970035,4.079364280441339,4.6275012917018845
M1,latency_s,0.2880902777777778,0.004640193387772319,0.2675685763888889,0.31045225694444445
M1,search_path_m,0.004220935280082227,1.9541940897676352e-05,0.004036262274944056,0.004401992820793341
M1_temporal_shuffle,success,0.9861111111111112,0.012028130608117226,0.9444444444444444,1.0
M1_temporal_shuffle,force_failure,0.013888888888888888,0.012028130608117204,0.0,0.05555555555555555
M1_temporal_shuffle,timeout,0.0,0.0,0.0,0.0
M1_temporal_shuffle,insertion_depth_m,0.010866976477561083,0.00038006799245217463,0.009977927927549646,0.011849231979525214
M1_temporal_shuffle,lateral_error_m,0.0003698228892801182,7.843358965588847e-06,0.00035603617375498203,0.00038546923205824994
M1_temporal_shuffle,peak_force_n,4.546229038844963,0.10618558400247034,4.273911095892911,4.842839326178109
M1_temporal_shuffle,latency_s,0.5402083333333333,0.054014108078610144,0.4592335069444444,0.6311475694444446
M1_temporal_shuffle,search_path_m,0.004938687446934326,0.0001695665306210404,0.004671299589788213,0.005204156272045883
M0,success,0.9305555555555556,0.024056261216234453,0.8541666666666666,0.9930555555555556
M0,force_failure,0.013888888888888888,0.024056261216234408,0.0,0.05555555555555555
M0,timeout,0.05555555555555555,0.024056261216234408,0.0,0.13194444444444445
M0,insertion_depth_m,0.008784824679459355,0.0004458772491957761,0.0079021764635321,0.009892574686244321
M0,lateral_error_m,0.0006090130821033758,0.0001497572496173567,0.00030788640809998355,0.0010266391941858278
M0,peak_force_n,4.556210541080107,0.12368053736935641,4.256044831197127,4.864681821256554
M0,latency_s,0.4952777777777777,0.08502924929078057,0.37770572916666667,0.6316111111111111
M0,search_path_m,0.0046476854537256685,0.0001824097901934941,0.0042347702341806815,0.005164052305051921
constant_x,success,0.14583333333333334,0.0,0.0625,0.25
constant_x,force_failure,0.3125,0.0,0.1875,0.4583333333333333
constant_x,timeout,0.5416666666666666,0.0,0.3958333333333333,0.6875
constant_x,insertion_depth_m,0.003100820966786386,0.0,0.0021243062196595725,0.004087868751337367
constant_x,lateral_error_m,0.003722056493691847,0.0,0.0028563041210131835,0.004563224913302424
constant_x,peak_force_n,6.468701863459697,0.0,6.07812081729344,6.862765890806389
constant_x,latency_s,1.4107291666666668,0.0,1.2749973958333334,1.5252213541666668
constant_x,search_path_m,0.00673994840293822,0.0,0.006152356484052576,0.007299996361749487
M2_action_shuffle,success,0.9791666666666666,0.020833333333333315,0.9375,1.0
M2_action_shuffle,force_failure,0.0,0.0,0.0,0.0
M2_action_shuffle,timeout,0.020833333333333332,0.020833333333333332,0.0,0.0625
M2_action_shuffle,insertion_depth_m,0.008318806657779489,0.00015953871225323052,0.00795541534168599,0.008542939881226376
M2_action_shuffle,lateral_error_m,0.00040190085183975044,0.0001492501064810331,0.0002747927303026327,0.0006906178180374349
M2_action_shuffle,peak_force_n,4.409902341771068,0.04806496407235804,4.125928001319208,4.705341876567523
M2_action_shuffle,latency_s,0.34399305555555554,0.01828542904908878,0.2913515625,0.4097951388888889
M2_action_shuffle,search_path_m,0.004461969208847263,0.00013475010674292122,0.004186397281152316,0.0048102869407935555
nominal,success,0.3541666666666667,0.0,0.22916666666666666,0.5
nominal,force_failure,0.0,0.0,0.0,0.0
nominal,timeout,0.6458333333333334,0.0,0.5,0.7708333333333334
nominal,insertion_depth_m,0.007298043335766699,0.0,0.005726885795990214,0.008974932317156136
nominal,lateral_error_m,0.0009808438912504128,0.0,0.000827414343465044,0.001133225981732154
nominal,peak_force_n,4.5867109546876925,0.0,4.344573422665152,4.831331296396835
nominal,latency_s,1.4100000000000001,0.0,1.298421875,1.5065677083333333
nominal,search_path_m,0.0026136395420316705,0.0,0.0025050479962753164,0.0027118029719401826
teacher,success,1.0,0.0,1.0,1.0
teacher,force_failure,0.0,0.0,0.0,0.0
teacher,timeout,0.0,0.0,0.0,0.0
teacher,insertion_depth_m,0.008425993283043056,0.0,0.00841780522176702,0.008433701081220905
teacher,lateral_error_m,4.17543250894001e-07,0.0,3.122911903150815e-07,5.337077237236005e-07
teacher,peak_force_n,4.346227418463093,0.0,4.079365296355397,4.627523685764468
teacher,latency_s,0.27260416666666665,0.0,0.25614322916666665,0.2886458333333333
teacher,search_path_m,0.004076441476245671,0.0,0.0038986790969576315,0.004249576514733722
spiral,success,0.20833333333333334,0.0,0.10416666666666667,0.3333333333333333
spiral,force_failure,0.7916666666666666,0.0,0.6666666666666666,0.8958333333333334
spiral,timeout,0.0,0.0,0.0,0.0
spiral,insertion_depth_m,0.006748402765184024,0.0,0.006348688403530555,0.007164032950087601
spiral,lateral_error_m,0.0004608518245010301,0.0,0.00041664775941648507,0.0005075462237124907
spiral,peak_force_n,7.595621782385698,0.0,7.250511110137321,7.880039894873097
spiral,latency_s,1.3577083333333333,0.0,1.2127057291666665,1.4807317708333332
spiral,search_path_m,0.006904679165647305,0.0,0.006181103495375636,0.007696371792250167
