condition,train_seed,seed,max_slip_m,drop,reason
M2,29,940014,0.37658059480011985,1,drop
M2,29,940015,2.265466938560785,1,drop
M2,29,940024,1.0790680754507704,1,drop
M2,29,940045,1.2974174355993322,1,drop
M2,43,940024,0.7904740376393308,1,drop
M2,43,940036,0.027540540280009778,0,excessive_slip
M2,43,940045,0.8431193935943535,1,drop
M2_temporal_shuffle,43,940015,0.025442999032310558,0,excessive_slip
M2_temporal_shuffle,43,940045,1.5126699182624297,1,drop
M1,43,940015,1.7232027545386512,1,drop
M1,43,940024,1.3693197510870794,1,drop
M1,43,940045,2.441115334538337,1,drop
M1_temporal_shuffle,29,940014,0.9234733742142296,1,drop
M1_temporal_shuffle,29,940015,1.7260877550939753,1,drop
M1_temporal_shuffle,29,940024,1.5477072317336023,1,drop
M1_temporal_shuffle,29,940025,0.15984306041927476,1,drop
M1_temporal_shuffle,29,940029,1.3451617978032249,1,drop
M1_temporal_shuffle,29,940045,3.0203148400887874,1,drop
M0,17,940014,1.1369377768921776,1,drop
M0,17,940015,0.7978458931290322,1,drop
M0,17,940024,1.706954755382903,1,drop
M0,17,940042,0.11750643050218981,1,drop
M0,17,940045,3.1750360832833775,1,drop
M2,17,940015,1.7318196016188685,1,drop
M2,17,940036,0.20403438567092586,1,drop
M2,17,940045,3.8829750315437126,1,drop
M1_temporal_shuffle,43,940014,0.17768663915246016,1,drop
M1_temporal_shuffle,43,940015,2.9662608593714554,1,drop
M1_temporal_shuffle,43,940024,1.5793902442717749,1,drop
M1_temporal_shuffle,43,940045,2.8934295811665063,1,drop
M2_action_shuffle,29,940014,0.8838505256177198,1,drop
M2_action_shuffle,29,940015,2.0124186644202062,1,drop
M2_action_shuffle,29,940024,1.3204337117548324,1,drop
M2_action_shuffle,29,940025,0.10483380587027152,1,drop
M2_action_shuffle,29,940030,0.14391365944088141,1,drop
M2_action_shuffle,29,940036,0.11510959379734914,1,drop
M2_action_shuffle,29,940040,0.023107277069902666,0,not_stable_at_end
M2_action_shuffle,29,940045,3.32949512386343,1,drop
M2_action_shuffle,29,940046,1.6509376360948416,1,drop
M2_temporal_shuffle,29,940004,0.11834840415094894,1,drop
M2_temporal_shuffle,29,940014,1.1847394794002193,1,drop
M2_temporal_shuffle,29,940015,1.5264616083349911,1,drop
M2_temporal_shuffle,29,940024,1.600208084225233,1,drop
M2_temporal_shuffle,29,940030,4.115909883353293,1,drop
M2_temporal_shuffle,29,940036,0.22819684505805227,1,drop
M2_temporal_shuffle,29,940045,3.1556724009496997,1,drop
M2_action_shuffle,17,940004,0.02129858310595546,0,not_stable_at_end
M2_action_shuffle,17,940014,0.3211602608260728,1,drop
M2_action_shuffle,17,940015,1.7797173353981837,1,drop
M2_action_shuffle,17,940019,0.22012901474893137,1,drop
M2_action_shuffle,17,940024,1.2848346266388864,1,drop
M2_action_shuffle,17,940030,3.486477041629651,1,drop
M2_action_shuffle,17,940045,3.1161903670973428,1,drop
nominal,-1,940000,1.997460806776794,1,drop
nominal,-1,940002,0.9441954279470551,1,drop
nominal,-1,940003,2.791654913588812,1,drop
nominal,-1,940004,4.119470456071297,1,drop
nominal,-1,940005,4.231658817319008,1,drop
nominal,-1,940006,0.16606599585743298,1,drop
nominal,-1,940007,1.3591359023206644,1,drop
nominal,-1,940008,1.386040736049665,1,drop
nominal,-1,940009,1.2395977990720475,1,drop
nominal,-1,940010,1.8227425942082962,1,drop
nominal,-1,940012,2.4524652460354925,1,drop
nominal,-1,940013,3.583100638018688,1,drop
nominal,-1,940014,1.5495065925221807,1,drop
nominal,-1,940015,2.5859627513669063,1,drop
nominal,-1,940016,0.2576393788485558,1,drop
nominal,-1,940018,0.30639400431024727,1,drop
nominal,-1,940019,1.0203434420325004,1,drop
nominal,-1,940020,3.1611176055730486,1,drop
nominal,-1,940021,0.2150131309799731,1,drop
nominal,-1,940022,1.59062218887662,1,drop
nominal,-1,940024,2.136287932580326,1,drop
nominal,-1,940025,0.35494386477470313,1,drop
nominal,-1,940026,0.12534130628401247,1,drop
nominal,-1,940028,0.4124391252303241,1,drop
nominal,-1,940029,1.7581227353280922,1,drop
nominal,-1,940030,4.99887964309682,1,drop
nominal,-1,940031,3.1134691467718825,1,drop
nominal,-1,940033,2.0134315373235996,1,drop
nominal,-1,940034,1.1559220118447424,1,drop
nominal,-1,940036,0.4113577054247986,1,drop
nominal,-1,940037,0.13717216759584616,1,drop
nominal,-1,940038,1.1161326202944537,1,drop
nominal,-1,940040,5.624279173438957,1,drop
nominal,-1,940041,0.20611259393230225,1,drop
nominal,-1,940042,0.43890860368837503,1,drop
nominal,-1,940044,1.606307454288065,1,drop
nominal,-1,940045,4.520412028446271,1,drop
nominal,-1,940046,2.934058573145329,1,drop
M2_action_shuffle,43,940014,0.32011971992612154,1,drop
M2_action_shuffle,43,940024,1.0819442508733519,1,drop
M2_action_shuffle,43,940030,3.4225952229365206,1,drop
M2_action_shuffle,43,940036,0.02557610512494916,0,excessive_slip
M2_action_shuffle,43,940045,3.015023723351576,1,drop
M2_temporal_shuffle,17,940014,0.3479841185732098,1,drop
M2_temporal_shuffle,17,940015,2.372295812943314,1,drop
M2_temporal_shuffle,17,940024,1.6504192915924591,1,drop
M2_temporal_shuffle,17,940025,0.16975620911618736,1,drop
M2_temporal_shuffle,17,940030,3.190356172708027,1,drop
M2_temporal_shuffle,17,940036,0.1679230530069899,1,drop
M2_temporal_shuffle,17,940040,0.9095383498493382,1,drop
M2_temporal_shuffle,17,940042,0.41433250197118043,1,drop
M2_temporal_shuffle,17,940045,3.8636847229139413,1,drop
M1,29,940014,0.30318499356135054,1,drop
M1,29,940024,1.1930898830077579,1,drop
M1,29,940036,0.02690939235677809,0,excessive_slip
M1,29,940045,3.5805568098940594,1,drop
M0,29,940014,1.394161302825472,1,drop
M0,29,940015,2.270735854956903,1,drop
M0,29,940024,1.6835678316618348,1,drop
M0,29,940025,0.11429947120750686,1,drop
M0,29,940045,3.2364538092061292,1,drop
M0,43,940014,1.0398484959437249,1,drop
M0,43,940024,1.7753980015846402,1,drop
M0,43,940045,3.270919363572325,1,drop
M1,17,940014,1.0522444511685853,1,drop
M1,17,940024,1.093708674144921,1,drop
M1,17,940029,1.3436123028205431,1,drop
M1,17,940040,0.026244609174377494,0,excessive_slip
M1,17,940045,2.5065674998129444,1,drop
M1_temporal_shuffle,17,940014,0.29292979511200723,1,drop
M1_temporal_shuffle,17,940015,2.0186227341494867,1,drop
M1_temporal_shuffle,17,940024,1.6497327525672816,1,drop
M1_temporal_shuffle,17,940029,0.8657813333965597,1,drop
M1_temporal_shuffle,17,940036,0.11808156974316493,1,drop
M1_temporal_shuffle,17,940045,3.005024570548627,1,drop
M1_temporal_shuffle,17,940046,1.8672175089519711,1,drop
