condition,metric,mean,seed_sd,ci_low,ci_high,n_train,n_disturbances
M0,success,0.9097222222222222,0.024056261216234387,0.8194444444444444,0.9791666666666666,3,48
M0,drop,0.09027777777777778,0.02405626121623441,0.020833333333333332,0.18055555555555555,3,48
M0,max_slip_m,0.15525694644045995,0.027874004687033806,0.02593754530150567,0.3413194230179152,3,48
M0,final_slip_m,0.15506689449218758,0.027913715948632893,0.025908585419800696,0.3412135428180991,3,48
M0,recovery_latency_s,0.16822916666666668,0.018779779592097937,0.11625000000000002,0.23333420138888888,3,48
M0,peak_contact_force_n,4.471179082422094,0.040284563082009936,4.187617667598374,4.76216570679553,3,48
M0,mean_correction_m,0.004548619173460692,0.00023828336231284934,0.0038075359086699773,0.0053572418697044825,3,48
M1,success,0.9166666666666666,0.020833333333333315,0.8402777777777778,0.9791666666666666,3,48
M1,drop,0.06944444444444445,0.0120281306081172,0.006944444444444444,0.14583333333333334,3,48
M1,max_slip_m,0.12051535475792693,0.00997165504371977,0.013088948542899107,0.26616983545044887,3,48
M1,final_slip_m,0.12033626499649297,0.009838470540909345,0.013028508189363935,0.26593932629319117,3,48
M1,recovery_latency_s,0.1614236111111111,0.01471124459699425,0.11458072916666666,0.21671006944444446,3,48
M1,peak_contact_force_n,4.49097294788806,0.06443748260819125,4.195492976128,4.795980281021036,3,48
M1,mean_correction_m,0.004706984745038467,0.0004564221801887907,0.0038451439076296976,0.005613535507468236,3,48
M1_temporal_shuffle,success,0.8819444444444444,0.03182344232608222,0.7847222222222222,0.9652777777777778,3,48
M1_temporal_shuffle,drop,0.11805555555555555,0.03182344232608223,0.034722222222222224,0.2152777777777778,3,48
M1_temporal_shuffle,max_slip_m,0.1857550639450686,0.022530676610215062,0.038657339525452146,0.37250382170327817,3,48
M1_temporal_shuffle,final_slip_m,0.18536187637878435,0.022284348364701986,0.03843905257299513,0.37206813988462734,3,48
M1_temporal_shuffle,recovery_latency_s,0.1884375,0.02169894430675783,0.12975434027777777,0.2611814236111111,3,48
M1_temporal_shuffle,peak_contact_force_n,4.5291176542766705,0.03982302158431031,4.241388018078727,4.819884264936349,3,48
M1_temporal_shuffle,mean_correction_m,0.004945126543642901,0.0002496320673375153,0.004138603128990087,0.005787323692777751,3,48
M2,success,0.9305555555555556,0.012028130608117225,0.8541666666666666,0.9861111111111112,3,48
M2,drop,0.0625,0.020833333333333332,0.006944444444444444,0.1388888888888889,3,48
M2,max_slip_m,0.09214969162275738,0.046638730328711596,0.008198313297040995,0.23031532560200424,3,48
M2,final_slip_m,0.09193748493567146,0.046653398241767265,0.00815613571446854,0.22984309936767372,3,48
M2,recovery_latency_s,0.15260416666666668,0.011901013174655905,0.1118046875,0.2048967013888889,3,48
M2,peak_contact_force_n,4.350784879137652,0.10715780671005254,4.012285128798892,4.686425632127847,3,48
M2,mean_correction_m,0.00520210850476158,0.0008509734986690421,0.003971110827019567,0.006408989066574367,3,48
M2_action_shuffle,success,0.8541666666666666,0.041666666666666685,0.75,0.9444444444444444,3,48
M2_action_shuffle,drop,0.125,0.041666666666666664,0.041666666666666664,0.22916666666666666,3,48
M2_action_shuffle,max_slip_m,0.19785136195103079,0.02540776311278775,0.043773811928359975,0.3906336834283776,3,48
M2_action_shuffle,final_slip_m,0.1974228443405549,0.02528983574954912,0.04344338816232848,0.38958781431396033,3,48
M2_action_shuffle,recovery_latency_s,0.20270833333333338,0.030585114332792682,0.1407630208333333,0.27518315972222224,3,48
M2_action_shuffle,peak_contact_force_n,4.383084333692685,0.048542548131751545,4.020951304988843,4.730576536410254,3,48
M2_action_shuffle,mean_correction_m,0.005145686551166647,0.0006252334822805961,0.004025881704679665,0.006220701380325417,3,48
M2_temporal_shuffle,success,0.875,0.07511565157216647,0.7569444444444444,0.9722222222222222,3,48
M2_temporal_shuffle,drop,0.11805555555555555,0.08673608331108887,0.020833333333333332,0.24305555555555555,3,48
M2_temporal_shuffle,max_slip_m,0.1896620613638712,0.13221284791461055,0.028658892500536496,0.43750221257237637,3,48
M2_temporal_shuffle,final_slip_m,0.18941249521024414,0.13199092304616386,0.02851948389538415,0.43728297759619206,3,48
M2_temporal_shuffle,recovery_latency_s,0.19072916666666664,0.04914117011930469,0.12628385416666665,0.2720008680555556,3,48
M2_temporal_shuffle,peak_contact_force_n,4.496580333387933,0.11271580052901792,4.142903459454048,4.845569880221265,3,48
M2_temporal_shuffle,mean_correction_m,0.005616592030381112,0.0005444993049037552,0.004518182369436738,0.006612615120888903,3,48
constant_max,success,1.0,0.0,1.0,1.0,1,48
constant_max,drop,0.0,0.0,0.0,0.0,1,48
constant_max,max_slip_m,0.001006195476366576,0.0,0.0008805561687145815,0.0011798186992253035,1,48
constant_max,final_slip_m,0.001006195476366576,0.0,0.0008805561687145815,0.0011798186992253035,1,48
constant_max,recovery_latency_s,0.09749999999999999,0.0,0.0965625,0.09864583333333332,1,48
constant_max,peak_contact_force_n,5.292336887684029,0.0,5.229287620217459,5.354417045556738,1,48
constant_max,mean_correction_m,0.012000000000000009,0.0,0.012000000000000009,0.012000000000000009,1,48
nominal,success,0.20833333333333334,0.0,0.10416666666666667,0.3333333333333333,1,48
nominal,drop,0.7916666666666666,0.0,0.6666666666666666,0.8958333333333334,1,48
nominal,max_slip_m,1.4561996612685821,0.0,1.0322527949136833,1.8975726044511319,1,48
nominal,final_slip_m,1.4539998949689519,0.0,1.030067057438617,1.8956816866642143,1,48
nominal,recovery_latency_s,0.64875,0.0,0.5660390625,0.7257317708333333,1,48
nominal,peak_contact_force_n,4.07925957080382,0.0,3.7870325336704043,4.352214545045636,1,48
nominal,mean_correction_m,0.0,0.0,0.0,0.0,1,48
teacher,success,1.0,0.0,1.0,1.0,1,48
teacher,drop,0.0,0.0,0.0,0.0,1,48
teacher,max_slip_m,0.004032273637859005,0.0,0.0030729781247607977,0.005172021738794406,1,48
teacher,final_slip_m,0.004032273637859005,0.0,0.0030729781247607977,0.005172021738794406,1,48
teacher,recovery_latency_s,0.10552083333333333,0.0,0.1021875,0.10968750000000001,1,48
teacher,peak_contact_force_n,3.8713952071307083,0.0,3.5920328486998367,4.154373975597749,1,48
teacher,mean_correction_m,0.003648343387579013,0.0,0.003023053162394031,0.004300844745709056,1,48
